Model,CV Accuracy,Test Accuracy,Precision,Recall,F1-Score,ROC-AUC
Random Forest,0.7994806158412168,0.8108308605341247,0.8270858524788391,0.8592964824120602,0.8428835489833642,0.876499799723254
SVM,0.7876089779261731,0.7997032640949555,0.8254950495049505,0.8379396984924623,0.8316708229426434,0.870815809118054
XGBoost,0.7816731589686515,0.7937685459940653,0.8120481927710843,0.8467336683417085,0.8290282902829028,0.8631722926225331
Logistic Regression,0.7651642677460233,0.776706231454006,0.8089887640449438,0.8140703517587939,0.8115216030056356,0.847044324885296
KNN,0.7529253878651468,0.766320474777448,0.8111254851228978,0.7876884422110553,0.7992351816443595,0.8447434181778457
Naive Bayes,0.6460725161241512,0.6617210682492581,0.7931034482758621,0.5778894472361809,0.6686046511627907,0.7468194687204137
